{
    "list": [{
        "INVOICE_STATE": null,
        "ORDER_ID": "20170113165525171000000000000007",
        "FP_HM": "24255556",
        "NSRMC": "天津市亿方达建筑砌块有限公司",
        "ID": "31471",
        "FP_DM": "1200162320",
        "FPLXDM": "007",
        "AMOUNT": "950.00",
        "FLAG_INVOICE": "2",
        "KPRQ": "2017-01-17 10:01:34",
        "SALESMAN": "admin"
    }, {
        "INVOICE_STATE": null,
        "ORDER_ID": "20170109154753144000000000000001",
        "FP_HM": "24255556",
        "NSRMC": "魔鬼肌肉人",
        "ID": "31472",
        "FP_DM": "1200162320",
        "FPLXDM": "007",
        "AMOUNT": "0.01",
        "FLAG_INVOICE": "2",
        "KPRQ": "2017-01-17 10:01:34",
        "SALESMAN": "admin"
    }, {
        "INVOICE_STATE": "",
        "ORDER_ID": "20170105173142341000000000000006",
        "FP_HM": "24255556",
        "NSRMC": "神州",
        "ID": "31473",
        "FP_DM": "1200162320",
        "FPLXDM": "007",
        "AMOUNT": "35000.00",
        "FLAG_INVOICE": "3",
        "KPRQ": "2017-01-17 10:01:34",
        "SALESMAN": "admin"
    }, {
        "INVOICE_STATE": null,
        "ORDER_ID": "900000002",
        "FP_HM": "00022689",
        "NSRMC": "天津市久久电器设备有限公司",
        "ID": "20993",
        "FP_DM": "0000000000",
        "FPLXDM": "007",
        "AMOUNT": null,
        "FLAG_INVOICE": "3",
        "KPRQ": null,
        "SALESMAN": "haolianjun"
    }, {
        "INVOICE_STATE": null,
        "ORDER_ID": "900000003",
        "FP_HM": "00029452",
        "NSRMC": "天津市静海县盛达鑫制线厂（普通合伙）",
        "ID": "20994",
        "FP_DM": "0000000000",
        "FPLXDM": "007",
        "AMOUNT": null,
        "FLAG_INVOICE": "3",
        "KPRQ": null,
        "SALESMAN": "haolianjun"
    }, {
        "INVOICE_STATE": null,
        "ORDER_ID": "900000004",
        "FP_HM": "00030319",
        "NSRMC": "天津市静海县桑迪制革有限公司",
        "ID": "20995",
        "FP_DM": "0000000000",
        "FPLXDM": "007",
        "AMOUNT": null,
        "FLAG_INVOICE": "3",
        "KPRQ": null,
        "SALESMAN": "haolianjun"
    }, {
        "INVOICE_STATE": null,
        "ORDER_ID": "900000005",
        "FP_HM": "00022747",
        "NSRMC": "津南区裕华建筑工具租赁站",
        "ID": "20996",
        "FP_DM": "0000000000",
        "FPLXDM": "007",
        "AMOUNT": null,
        "FLAG_INVOICE": "3",
        "KPRQ": null,
        "SALESMAN": "shayinming"
    }, {
        "INVOICE_STATE": null,
        "ORDER_ID": "900000007",
        "FP_HM": "00019087",
        "NSRMC": "天津市滨海新区汉沽广正五金经营部",
        "ID": "20997",
        "FP_DM": "0000000000",
        "FPLXDM": "007",
        "AMOUNT": null,
        "FLAG_INVOICE": "3",
        "KPRQ": null,
        "SALESMAN": "zhengyongjuan"
    }, {
        "INVOICE_STATE": null,
        "ORDER_ID": "900000008",
        "FP_HM": "00022757",
        "NSRMC": "天津市大港兴华门窗厂",
        "ID": "20998",
        "FP_DM": "0000000000",
        "FPLXDM": "007",
        "AMOUNT": null,
        "FLAG_INVOICE": "3",
        "KPRQ": null,
        "SALESMAN": "shayinming"
    }, {
        "INVOICE_STATE": null,
        "ORDER_ID": "900000009",
        "FP_HM": "00029025",
        "NSRMC": "天津市河北区畅唯广告中心",
        "ID": "20999",
        "FP_DM": "0000000000",
        "FPLXDM": "007",
        "AMOUNT": null,
        "FLAG_INVOICE": "3",
        "KPRQ": null,
        "SALESMAN": "liwentong"
    }],
    "page": {
        "showCount": 10,
        "totalPage": 1035,
        "totalResult": 10350,
        "currentPage": 9,
        "pd": {
            "fphm": null,
            "invoicestate": "2",
            "fpdm": null,
            "pointid": null,
            "invoicetype": null
        }
    }
}
